-- phpMyAdmin SQL Dump
-- version 4.3.11
-- http://www.phpmyadmin.net
--
-- Host: 127.0.0.1
-- Generation Time: Oct 04, 2017 at 02:07 PM
-- Server version: 10.1.16-MariaDB
-- PHP Version: 5.6.8

SET SQL_MODE = "NO_AUTO_VALUE_ON_ZERO";
SET time_zone = "+00:00";


/*!40101 SET @OLD_CHARACTER_SET_CLIENT=@@CHARACTER_SET_CLIENT */;
/*!40101 SET @OLD_CHARACTER_SET_RESULTS=@@CHARACTER_SET_RESULTS */;
/*!40101 SET @OLD_COLLATION_CONNECTION=@@COLLATION_CONNECTION */;
/*!40101 SET NAMES utf8 */;

--
-- Database: `simpatif`
--

-- --------------------------------------------------------

--
-- Table structure for table `admin`
--

CREATE TABLE IF NOT EXISTS `admin` (
  `id_admin` int(11) NOT NULL,
  `username` varchar(50) NOT NULL,
  `password` text NOT NULL,
  `nama_admin` varchar(50) NOT NULL,
  `akses` varchar(10) NOT NULL
) ENGINE=InnoDB DEFAULT CHARSET=latin1;

--
-- Dumping data for table `admin`
--

INSERT INTO `admin` (`id_admin`, `username`, `password`, `nama_admin`, `akses`) VALUES
(1, 'himada', 'afb4aadc1d36ed26a9083873d76a2feb', 'Astvat Ereta', '1'),
(2, 'nasha', 'd8af2df269a909be888f310f1b3c2a63', 'Bar Nasha', '2'),
(3, 'syarif', '21232f297a57a5a743894a0e4a801fc3', 'Syarif', '1');

-- --------------------------------------------------------

--
-- Table structure for table `akses`
--

CREATE TABLE IF NOT EXISTS `akses` (
  `id_akses` varchar(10) NOT NULL,
  `nama_akses` varchar(10) NOT NULL,
  `status` enum('1','0','','') NOT NULL
) ENGINE=InnoDB DEFAULT CHARSET=latin1;

--
-- Dumping data for table `akses`
--

INSERT INTO `akses` (`id_akses`, `nama_akses`, `status`) VALUES
('1', 'admin', '1'),
('2', 'pimpinan', '1');

-- --------------------------------------------------------

--
-- Table structure for table `berkas`
--

CREATE TABLE IF NOT EXISTS `berkas` (
  `no_berkas` int(11) NOT NULL,
  `no_box` int(11) DEFAULT NULL,
  `kode_klasifikasi` varchar(10) DEFAULT NULL,
  `indeks` varchar(50) DEFAULT NULL,
  `uraian` text,
  `tahun` year(4) DEFAULT NULL,
  `volume` int(11) DEFAULT NULL,
  `ket` text,
  `file` text NOT NULL
) ENGINE=InnoDB DEFAULT CHARSET=latin1;

--
-- Dumping data for table `berkas`
--

INSERT INTO `berkas` (`no_berkas`, `no_box`, `kode_klasifikasi`, `indeks`, `uraian`, `tahun`, `volume`, `ket`, `file`) VALUES
(1, 1, '7', 'Pengadaan/Pemeliharaan', 'Pemeliharaan Gedung Kantor Pembantu Gubernur Wilayah II Bojonegoro', 1999, 5, 'SEKRETARIAT', 'update1-1.pdf'),
(2, 2, '972', 'Pendaapatan', 'Usulan Perubahan Anggaran Pendpatan Dan Belanja Daerah Tahun 1996/1997', 1996, 2, 'Sekretariat/Keuangan', ''),
(3, 2, '903', 'APBD', 'Penetapan Plafond APBD Tahun Anggaran 1995/1996', 1995, 3, 'Sekretariat/Keuangan', ''),
(4, 2, '50', 'Perencanaan', 'Pengiriman Plafon APBD TA. 1994/1995', 1994, 1, 'Sekretariat/Keuangan', ''),
(5, 2, '993', 'Spp /spm', 'Surat Permintaan Pembayaran Uang (spp)', 1998, 3, 'Sekretariat/Keuangan', ''),
(6, 2, '993', 'Spp /spm', 'Anggaran Belanja Rutin 1997/1998', 1997, 9, 'Sekretariat/Keuangan', ''),
(7, 2, '934', 'Spp /spm', 'Pengiriman spj dana rutin dan ganjaran Ta. 1997/1998 bag. Bulan maret 1998', 1998, 1, 'Sekretariat/Keuangan', ''),
(8, 2, '11', 'Home Intansi', 'Pemeliharaan Gedung Kantor', 1998, 2, 'Sekretariat/keuangan', ''),
(9, 2, '94', 'Perjalanan Dinas', 'Surat Perintah Tugas Kantor Pembantu Gubernur Wilayah II Bojonegoro', 1998, 15, 'Sekretariat/keuangan', ''),
(10, 2, '821.2', 'Pengangkatan', 'Penunjukan Pelaksana Harian Kepala Bidang Kantor Pembantu Gubernur Wilayah II Bojonegoro', 1998, 2, 'Sekretariat', ''),
(11, 2, '20', 'Peralatan', 'Pembelian Olie Mesin', 1998, 1, 'Sekretariat', ''),
(12, 3, '903', 'APBD', 'Penetapan Plafond APBD Tahun Anggaran 1996/1997', 1996, 5, 'Sekretariat', ''),
(13, 3, '593', 'Hak Pakai', 'Pakaian Olah Raga (SKJ) yang Baru', 1996, 1, 'Sekretariat', ''),
(14, 3, '934', 'SPJ Rutin', 'SPJ Dana Rutin/Ganjaran TA. 1994/1995 Bag. Bln. April 1994 ', 1994, 3, 'Sekretariat', ''),
(15, 3, '093', 'Perjalanan Dinas', 'Bantuan Dana Operasional Pembantu Gubernur Wilayah II', 1995, 5, 'Sekretariat/Keuangan', ''),
(16, 3, '094', 'Perjalanan Dinas', 'Penetapan Uang Honorarium pada Kantor Pembantu Gubernur di Bojonegoro', 1992, 20, 'Sekretariat/Keuangan', ''),
(17, 3, '910', 'Anggaran', 'Petunjuk penggunaan/pengelolaan Dana Operasional Kegiatan Pembantu Gubernur dan Pembantu Bupati/Walikotamadya Th. Ang. 1994/1995', 1994, 2, 'Sekretariat/Keuangan', ''),
(18, 3, '900', 'Keuangan/APBD', 'Petunjuk penggunaan Dana APBD Dati I Jatim TA. 1996/1997', 1996, 2, 'Sekretariat/Keuangan', ''),
(19, 3, '800', 'Kepegawaian/Perencanaan', 'Nota Pengajuan Konsep Naskah Dinas', 1995, 1, 'Sekretariat/Keuangan', ''),
(20, 3, '020', 'Peralatan/Pengadaan', 'Pengadaan Seragam SKJ yang baru', 1996, 1, 'Sekretariat/Keuangan', ''),
(21, 4, '270', 'Pemilihan Umum', 'Pengangkatan Pembantu Panitia Pemungutan Suara (PPPS) di Kab. Daerah tingkat II Bojonegoro', 1996, 1, 'Sekretariat', ''),
(22, 4, '300', 'Keamanan dan Ketertiban', 'Laporan Reguler Situasi Politik dan Kamtibmas', 2000, 8, 'Skretariat', ''),
(23, 4, '451', 'Agama', 'Pembentukan PPD II Bojojnegoro untuk meneliti pemenuhan syarat pengajuan calon dan syarat calon anggota tambaha  DPRD kedua Bojonegoro. Hasil pemilu 1997 maupun yang diangkat dari Gplpngan Karya ABRI', 1996, 1, 'Skretariat', ''),
(24, 4, '974', 'Retribusi', 'Peningkatan  Income Dinas', 1994, 1, 'Skretariat', ''),
(25, 4, '720', 'Bidang Politik', 'Laporan Bekas G.30 S / PKI ', 2000, 1, 'Skretariat', ''),
(26, 4, '182', 'Hukum/Pidana', 'Rekapitulasi jumlah TPS dan Anggota Korpri beserta keluarga', 1996, 1, 'Sekretariat', ''),
(27, 4, '511', 'Perdagangan', 'Lap. Perkembangan harga bahan kebutuhan pokok di Kab. Tuban keadaan minggu I dan II Bln . Januari 2001', 2001, 1, 'Sekretariat', ''),
(28, 4, '220', 'Organisasi Kemasyarakatan', 'Lap. Musyda Muhammadiyah Kab. Tuban', 2000, 2, 'Sekretariat', ''),
(29, 4, '220', 'Organisasi Kemasyarakatan', 'Lap. Pelaksanaan FORKOMKON', 2000, 1, 'Sekretariat', ''),
(30, 4, '171', 'Keanggotaan', 'Peresmian Pengangkatan dan Peresmian Pemberhentian Keanggotaan DPRD Kabupaten Daerah Tingkat II Bojonegoro', 1999, 1, 'Sekretariat', ''),
(31, 4, '250', 'buruh/pekerja', 'perubahan pertama kep.bupati KDH Tk.II/ ketua pan. PDD II Bojonegoro no.101/1327/III/96', 1996, 1, 'Sekretariat', ''),
(32, 4, '072', 'penelitian', 'surat keterangan untuk melakukan survey', 2001, 4, 'Sekretariat', ''),
(33, 4, '130', 'pemerintah daerah', 'Lap. Kegiatan aparad untuk sospol kab.Tuban bulan desember 2000 ', 2001, 1, 'Sekretariat', ''),
(34, 4, '130', 'pemerintah daerah', 'Lap. Kegiatan aparad untuk sospol kab.Tuban bulan oktober 2000 ', 2000, 1, 'Sekretariat', ''),
(35, 4, '270', 'pemilihan umum', 'permintaan tambahan personil', 1996, 4, 'Sekretariat', ''),
(36, 4, '522', 'kehutanan ', 'jadwal pembinaan oleh tim KUD mandiri pusat ', 1995, 1, 'Sekretariat', ''),
(37, 4, '002', 'penghargaan untuk pegawai', 'permintaan nama-nama anggota hansip penerimaan piagam perghargaan', 1999, 1, 'Sekretariat', ''),
(38, 4, '050', 'perencanaan', 'lap. Bulanan pelaaksaan program pembinaan sospol keeadaan bulan oktber 2000', 2000, 1, 'Sekretariat', ''),
(39, 4, '190', 'hubungan luar negri', 'mengadakan kunjungan kerja ke daerah mulai tanggal 20 s/d juni 11996', 1996, 1, 'Sekretariat', ''),
(40, 4, '450', 'agama', 'penjelasan aksi massa PDI Perjuangan ', 2000, 1, 'Sekretariat', ''),
(41, 4, '005', ' Undangan', 'Laporan penyuluhan perkoperasian oleh Dirijen Bina Koperasi', 1995, 1, 'Sekretariat ', ''),
(42, 4, '512', 'Pedagangan ', 'SK Bupati Kepala Daerah Tingkat II Tuban ', 1988, 2, 'Sekretariat ', ''),
(43, 4, '800', 'Kepegawaian ', 'Lap. Keadaan Pegawai ', 2001, 2, 'Sekretariat ', ''),
(44, 4, '518', 'Pedagangan ', 'Proposal waserda se Kab. Dati II Tuban ', 1997, 5, 'Sekretariat ', ''),
(45, 4, '700', 'Pengawasan ', 'Hasil Pemekrisaan inspektorat Wil. Kab. Dati II ', 1999, 1, 'Sekretariat ', ''),
(46, 4, '050', 'Perencanaan ', 'Lap. Bulanan Pelaksanaan Program Pembinaan Sospol', 2001, 1, 'Sekretariat ', ''),
(47, 4, '252.4', 'Pemerintah Daerah ', 'Lap. Pelaksanaan Santiaji PPS pemilu 1997', 1996, 1, 'Sekretariat ', ''),
(48, 4, '721', 'Bidang Politik ', 'Lap. Mutasi eks tahanan / nara pidana G.30.S/PKI Prov. Jawa Timur ', 2000, 1, 'Sekretariat ', ''),
(49, 4, '511.1', 'Perdagangan ', 'Lap. Perkembangan bahankebutuhan pokok  di Kab. Tuban ', 2000, 1, 'Sekretariat ', ''),
(50, 4, '307', 'Keamanan dan Ketertiban ', 'Pemb. Gubernur Wlayah II / Pemb. Ketua PPD I Jatim Bojonegoro', 1996, 1, 'Sekretariat ', ''),
(51, 4, '601.1', 'Pekerjaan Umum dan Ketenagaan ', 'Lap. Perijinan PT. Semen Gresik di Tuban ', 1994, 1, 'Sekretariat ', ''),
(52, 4, '156', 'Legislatif MPR/DPR', 'unsur perubahan anggota panwaslak II Tuban (Unsur PPP)', 1996, 1, 'Sekretariat ', ''),
(53, 4, '340.03', 'Pertahanan Sipil ', 'Rencana Pelaksanaan SUSKALAK "B" Hansip  Angkatan  ke XXIV th. 1999-2000', 1999, 15, 'Sekretariat ', ''),
(54, 5, '145', 'Administrasi Desa', '5 Hari Kerja Dan Upacara Bendahara Bulanan', 2002, 1, 'Sekretariat', ''),
(55, 5, '610', 'Pengairan', 'Undangan Diseminasi/Sosiaalisasi Awal Rencana Tindakan Darurat Bendungan Prijetan ', 2002, 1, 'Sekretariat', ''),
(56, 5, '020', 'Peralatan', 'Penerapan Hasil Penilaian Barang Daerah Dalam SIMBADA OTODA', 2003, 2, 'Sekretariat', ''),
(57, 5, '660', 'Tata Lingkungan', 'Rapat Koordinasi Teknis Penyusunan Laporan Status Lingkungan Hidup Serta Evaluasi Kewenangan Wajib PLH Kab/Kota', 2002, 1, 'Sekretariat', ''),
(58, 5, '118', 'Otonomi/Desentralisasi', 'Rakor Optimalisasi Penugasan Gub. Jatim Kepada Bakorwil Provinsi Jatim', 2002, 1, 'Sekretariat', ''),
(59, 5, '451', 'Agama', 'Acara Kegiatan Ramadhan Bapak Gubernur Jatim', 2001, 11, 'Sekretariat', ''),
(60, 5, '060', 'Org/Ketatalaksanaan', 'Monitoring Dan Evaluasi Kelompok Budaya Kerja', 2002, 1, 'Sekretariat', ''),
(61, 5, '900', 'Keuangan', 'Penelitian Hasil Konversi Anggaran Kerja', 2003, 1, 'Sekretariat', ''),
(62, 5, '870', 'Tata Usaha Kepegawaian', 'Koordinasi/ Sosialisasi SIMPEG dan pemberdayaan Data Naskah Kepegawaian', 2003, 1, 'Sekretariat', ''),
(63, 5, '065', 'Ketatalaksanaan', 'Forum Komunikasi Pendayagunaan Aparatur Negara Di Daerah (PERKOMPANDA) Jawa Timur', 2003, 2, 'Sekretariat', ''),
(64, 5, '800', 'Kepegawaian', 'Undangan Rapat ', 2003, 1, 'Sekretariat', ''),
(65, 5, '331', 'Keamanan', 'Undangan', 2003, 2, 'Sekretariat', ''),
(66, 5, '195', 'Hubungan luar negeri', 'Sosialisasi Restitusi Pajak', 2003, 1, 'Sekretariat', ''),
(67, 5, '915', 'Anggaran/DIP', 'Jadwal Penelitian Net Konsep DIPDA Perubahan APBD Prov Jatim Tahun Anggaran 2002', 2002, 1, 'Sekretariat', ''),
(68, 5, '903', 'APBD', 'Data Realisasi APBD 2003', 2003, 1, 'Sekretariat', ''),
(69, 5, '489', 'HUMAS', 'Pertemuan Koordinasi Ke HUMASan Sejatim', 2002, 1, 'Sekretariat', ''),
(70, 5, '300', 'Keamanan dan Ketertiban ', 'Rapat Koordinasi ruang  lingkup bidang tugas Asisten Tata Praja ', 2003, 1, 'Sekretariat ', ''),
(71, 5, '050', 'Perencanaan ', 'Permohonan untuk memberikan pengarahan pada RAKORBANG Kab. Tuban ', 2003, 1, 'Sekretariat ', ''),
(72, 5, '025', 'Pakaian Dinas', 'Kain pakaian Dinas satpol PP dan ongkos jahit', 2003, 1, 'Sekretariat ', ''),
(73, 5, '182', 'Pidana/ Hukum', 'Diklat kader Kepemimpinan KORPRI', 2003, 1, 'Sekretariat ', ''),
(74, 5, '188', 'Hukum / Peraturan Perundang-undangan ', 'keterangan Pertanggungjawaban bupati pada akhir Jabatan ', 2002, 1, 'Sekretariat ', ''),
(75, 5, '893.3', 'Kursus/ Penataran ', 'Pemanggilan calon peserta diklat Kepemimpinan TK. IV 2003', 2003, 2, 'Sekretariat ', ''),
(76, 5, '412.21', 'Perekonomian Desa', 'Rapat Koordinasi Tim UPM-OPK Raskin Tahun 2003', 2003, 1, 'Sekretariat ', ''),
(77, 5, '821.2', 'Mutasi ', 'Pengangkatan Kepegawaian ', 2003, 1, 'Sekretariat ', ''),
(78, 5, '061', 'Organisasi Intansi Pemerintah ', 'Rapat Koordinasi dan Bimbingan Teknis Analisis Jabatan ', 2002, 1, 'Sekretariat ', ''),
(79, 5, '090', 'Perjalanan Dinas ', 'Kunjungan Kerja komisi B (perekonomian) DPRD prov. Jatim ', 2002, 1, 'Sekretariat ', ''),
(80, 5, '190.1', 'Hubungan Luar Negeri ', 'Undangan dan Mohon Sambutan ', 2003, 1, 'Sekretariat ', ''),
(81, 5, '019', 'Protokol ', 'Rapat Koordinasi keprotokolan Kab/Kota se Jawa Timur ', 2002, 1, 'Sekretariat ', ''),
(82, 5, '045.2', 'Kearsipan ', 'FKSPP(Rakorbang) Kab. Tuban ', 2003, 1, 'Sekretariat ', ''),
(83, 6, '065', 'Ketatalaksanaan ', 'Penyusunsan standar Tetap Pelaksanaan tupoksi SKPD/BUMD', 2011, 7, 'Sekretariat ', ''),
(84, 6, '560', 'Tenaga Hari Jadi ', 'Lomba SR/SS Tingkat Jatim ', 2005, 1, 'Sekretariat ', ''),
(85, 6, '061.1', 'Organisasi Ketatalaksanaan ', 'Perencanaan Rapat Sosialisai UPTD ', 1999, 1, 'Sekretariat ', ''),
(86, 6, '028', 'Peralatan/Inventaris', 'Beakhirnya masa Perjanjian Kontrak Kantin Darma Wanita', 1999, 1, 'Sekretariat ', ''),
(87, 6, '045', 'Kearsipan ', 'undangan tanggal 14 November 2011 pengelolahan Arsip Vital', 2011, 3, 'Sekretariat ', ''),
(88, 6, '020', 'Peralatan ', 'Pembelian Oli ', 2000, 2, 'Sekretariat ', ''),
(89, 6, '028', 'Inventaris', 'Pemanfaatan sebagaian aset milik pemerintah prov Jatim', 2011, 1, 'Sekretariat ', ''),
(90, 6, '485', 'Media Masa', 'Permohonan Pinjam Seperangkat Peralatan Nonton Bareng final AFF', 2010, 1, 'Sekretariat ', ''),
(91, 6, '466', 'Sumbangan Sosial ', 'Permohonan pinjam Truk Tengki Air Bersih ', 2011, 1, 'Sekretariat ', ''),
(92, 6, '118', 'Pemerintah pusat', 'Peringatan hari jadi ke 66 prov. Jatim ', 2011, 3, 'Sekretariat ', ''),
(93, 6, '061', 'Organisasi / Ketatalaksanaan ', 'Penyamapain Peraturan Gub. Jatim No. 10 tahun 2011', 2011, 1, 'Sekretariat ', ''),
(94, 6, '934', 'SPJ Rutin ', 'SPJ rutin ', 2000, 1, 'Sekretariat ', ''),
(95, 6, '943', 'SPJ   ', 'Pengiriman SPJ dana Rutin tahun anggaran 1999/2000', 2000, 1, 'Sekretariat ', ''),
(96, 6, '065', 'Ketatalaksanaan ', 'Laporan Hasil rapat Koordinasi tata Naskah Dinas di Lingkungan prov. Jatim', 2005, 1, 'Sekretariat ', ''),
(97, 6, '500', 'Perekonomian   ', 'Pembetuak Tim Koordinasi Program Pemberdayaan daerah dalam mengatasi dampak krisis ekonomi ', 1998, 1, 'Sekretariat ', ''),
(98, 6, '050', 'Perencanaan ', 'Pengiriman pakaian Hansip ', 2000, 1, 'Sekretariat ', ''),
(99, 6, '118', 'Pemerintah Pusat ', 'Standar Barang dan Harga Satuan Barang ', 2006, 2, 'Sekretariat ', ''),
(100, 6, '011', 'Urusan Dalam ', 'Reparasi dan Pengantian suku cadang ', 2000, 1, 'Sekretariat ', ''),
(101, 6, '800', 'Kepegawaian ', 'Pendaftaran Peserta Olahraga dalam rangka hari jadi prov. Ke 66 tahun 2011', 2011, 1, 'Sekretariat ', ''),
(102, 6, '800', 'Kepegawaian ', 'Pengembangan Karier PNS dalam Jabatan Instruktur', 2011, 1, 'Sekretariat ', ''),
(103, 7, '893.3', 'Kursus/Penataan ', 'Bantuan Tenaga Penguji pada diklat Tk. II ', 2013, 1, 'sekretariat ', ''),
(104, 7, '893', 'Pendidikan Pegawai', 'Penunjukan pelaksana harian ', 2000, 1, 'sekretariat ', 'update7-104.pdf'),
(105, 7, '08', 'SPP', 'Bantuan dana', 2013, 1, 'sekretariat ', ''),
(106, 7, '556', 'Pariwisata dan Rekreasi ', 'Data potensi wisata', 2004, 2, 'sekretariat ', ''),
(107, 7, '566', 'Tenaga Kerja ', 'Biaya Rapat Sinkronisasi dan Koordinasi Teknis Pengembangan Pariwisata wil Bakorwil II Bojonegoro Tgl 3 Mei 2005', 2005, 1, 'sekretariat ', ''),
(108, 7, '045.2', 'Surat Pengantar ', 'Himpunan Pidato Gubernur Jatim', 2014, 1, 'sekretariat ', ''),
(109, 7, '045.2', 'Surat Pengantar ', 'Salinan Kepala Bupati Kediri no 12 17 thn 2003', 2003, 1, 'sekretariat ', ''),
(110, 7, '101', 'Urusan Dalam ', 'Tindak Lanjut Hasil Kunjyngan Kerja Bakorwil 2 Bn di PT.Perhutani Tuban', 2003, 1, 'sekretariat ', ''),
(111, 7, '003.3', 'Hari Ulang Tahun ', 'Peringatan ke 42 Thn KORPRI', 2013, 1, 'sekretariat ', ''),
(112, 7, '100', 'Pemerintahan ', 'Laporan Pelaksanaan Kegiatan Hari Jadi Prov. Jatim ke-68', 2014, 1, 'sekretariat ', ''),
(113, 7, '605', 'Instalasi ', 'Persiapan Pelaksanaan gelar Budaya Kerja', 2014, 2, 'sekretariat ', ''),
(114, 7, '915', 'DIP ', 'Penyampaian Buletin LIBANG Jatim', 2013, 1, 'sekretariat ', ''),
(115, 7, '551.23', 'Alat Angkutan ', 'Hasil Pemilihan Penguji Kendaraan Bermotor Teladan Tingkat Provinsi ', 2004, 1, 'sekretariat ', ''),
(116, 7, '551.21', 'Perijinan ', 'Penerbitan Surat Keterangan Kendaraan Bermotor', 2006, 1, 'sekretariat ', ''),
(117, 7, '556', 'Pariwisata dan Rekreasi ', 'Rapat Sinkronisasi dan Koordinasi Teknis', 2005, 1, 'sekretariat ', ''),
(118, 7, '556', 'Pariwisata dan Rekreasi ', 'Festival Reog Nasional XII dan Grebeg Suro ', 2005, 1, 'sekretariat ', ''),
(119, 7, '520', 'Pertanian ', 'Sumangan pangan negara sahabat', 1992, 1, 'sekretariat ', ''),
(120, 7, '551', 'Perhubungan darat ', 'Pemberitahuan Lombba Tartib Lalu Lintas dan angkutan Kota (LLAK)', 2005, 1, 'sekretariat ', ''),
(121, 7, '551.1', 'Lalu Lintas jalan raya, sungai danau ', 'undangan Tgl 13 okt 2004 persiapan angkutan lebaran', 2004, 1, 'sekretariat ', ''),
(122, 7, '426', 'Keolahragaan ', 'Penundaan waktu Pelaksanaan Sosialisasi Senam', 2013, 1, 'sekretariat ', ''),
(123, 7, '162', 'Persidangan ', 'Buku risalah rapat Pariurna DPRD PROV.JATIM', 2013, 1, 'sekretariat ', ''),
(124, 7, '800', 'Kepegawaian ', 'pelaksanaan Admin pemotretan dan sidik jari PNS', 2013, 1, 'sekretariat ', ''),
(125, 7, '551.1', 'Perhubungan darat ', 'Rapat Koordinasi', 2004, 1, 'sekretariat ', ''),
(126, 7, '551.23', 'Alat Angkutan ', 'Penyampaian Surat edaran', 2004, 1, 'sekretariat ', ''),
(127, 7, '188', 'Peraturan Perundag-undangan ', 'hasil kajian Tanggapan / saran perda no 26', 2003, 1, 'sekretariat ', ''),
(128, 7, '061', 'Warganisasi Instansi Pemerintah', 'Penyampaian Peraturan gubernur jatim no 4', 2014, 1, 'sekretariat ', ''),
(129, 7, '560', 'Tenaga Kerja ', 'Inventarisasi Program-program Sektoral dalam rangka pengentasan keluarga miskin', 1994, 1, 'sekretariat ', ''),
(130, 7, '970', 'Pendapatan ', 'Keringannan dan insentive pajak daerah untuk rakyat jatim', 2013, 1, 'sekretariat ', ''),
(131, 7, '760', 'Bidang Pekerjaan Umum ', 'Presentasi  konsep master plan kawasan wisaa goa putri asih', 2003, 1, 'sekretariat ', ''),
(132, 7, '041', 'Perpustakaan/Kearsipan ', 'pelaksanaan UU no 4 Thn 1990 ttg Serah Simpan Karya cetak dan Karya rekam', 2014, 1, 'sekretariat ', ''),
(133, 8, '136', 'Pembagian Wilayah ', 'Pemberitahuan ', 1996, 1, 'Sekretariat ', ''),
(134, 8, '120', 'Pemerintahan Daerah Tingkat I', 'Penawara Payung Darma  Wanita dan Taplak Dalam Rangka Penggalian Dana Peringatan HUT Darma Wanita Ke XXII', 1996, 1, 'Sekretariat ', ''),
(135, 8, '275', 'Pemilih ', 'Daftar Tagihan Simpan Wajib ', 1997, 1, 'Sekretariat ', ''),
(136, 8, '027', 'Pengadaan ', 'Keputusan KPA Tentang Penunjukan Pekerjaan Rebab Gedung Kantor Bakorwil II Bjn ', 2008, 3, 'Sekretariat ', ''),
(137, 8, '107', 'Pemerintahan   ', 'Daftar Tagihan Asuransi ', 1997, 1, 'Sekretariat ', ''),
(138, 8, '131', 'PEMDA Tingkat II', 'Pernyataan Sikap deklarasi Netralitas KOPRI ', 2008, 1, 'Sekretariat ', ''),
(139, 8, '821.2', 'Pengangkatan Menjadi Pegawai Negri Gol. I ', 'Biodata Pejabat Stuktural Eselon II,III dan IV ', 2008, 2, 'Sekretariat ', ''),
(140, 8, '027', 'Pengadaan ', 'Ketelitian dan Kejelian dalam membuat naskah dinas', 2008, 2, 'Sekretariat ', ''),
(141, 8, '007', 'Umum', 'Monitoring dan Evaluasi Bidang Organisasi ', 2008, 1, 'Sekretariat ', ''),
(142, 8, '973', 'Pajak, Ipeda ', 'Biaya Pemungutan Tim Intensifikasi PBB Badan Koordinasi Wilayah Bagian ', 2008, 2, 'Sekretariat ', ''),
(143, 8, '004', 'Umum', 'Evaluasi Pelaksanaan Penangungjawaban (SPJ)', 2008, 1, 'Sekretariat ', ''),
(144, 8, '027', 'Pengadaan ', 'Penyampaian Surat dari Badan Pengawasan Keuangan Dan Pembangunan (BPKB)', 2008, 1, 'Sekretariat ', ''),
(145, 8, '900', 'Keuangan ', 'Pembentukan Panitia Pengadaan  dan Pemeriksaan Brang/Jasa Bakorwil Bjn ', 2008, 1, 'Sekretariat ', ''),
(146, 8, '027', 'Pengadaan ', 'Laporan Hasil Pelaksanaan dan Evaluasi Penawaran Pekerjaan Rehab Kap. Gedung Kantor bakorwil II BJn', 2008, 2, 'Sekretariat ', ''),
(147, 8, '118', 'Pemerintah Pusat ', 'Penyampaian Perda Prov. Jatim ', 2007, 1, 'Sekretariat ', ''),
(148, 8, '118', 'Pemerintah Pusat ', 'peringatan Hari Jadi ke 62 Prov. Jatim ', 2007, 2, 'Sekretariat ', ''),
(149, 8, '005', 'Undangan ', 'Hari Jadi Prov. Jatim', 2007, 4, 'Sekretariat ', ''),
(150, 8, '065', 'Ketatalaksanaan ', 'Penilain kompetisi Peningkatan Kwalitas Pelayanan Publik antar Daerah ', 2005, 1, 'Sekretariat ', ''),
(151, 8, '065', 'Ketatalaksanaan ', 'Peningkatan Kwalitas Pelayanan Publik antar Daerah ', 2006, 2, 'Sekretariat ', ''),
(152, 8, '045.2', 'Kearsipan ', 'Laporan Rapat evaluasi Pengaduan Wilayah publik Jatim ', 2006, 1, 'Sekretariat ', ''),
(153, 8, '010 ', 'Urusan Dalam ', 'Pinjam Vandel', 1997, 1, 'Sekretariat ', ''),
(154, 8, '045 ', 'Kearsipan ', 'tata Naskah Dinas Lingkungan Prov. Jatim', 2006, 1, 'Sekretariat ', ''),
(155, 8, '900', 'Keuangan ', 'Tertib Pembuatan SPJ', 2006, 1, 'Sekretariat ', ''),
(156, 8, '003.1', 'Hari Besar ', 'Pengarahan Personil Peserta Upacara ', 2007, 1, 'Sekretariat ', ''),
(157, 8, '050', 'Perencanaan ', 'Penyusunan Renja SKPD ', 2007, 1, 'Sekretariat ', ''),
(158, 8, '050', 'Perencanaan ', 'Permintaan Usulan format Indikator', 2008, 2, 'Sekretariat ', ''),
(159, 9, '094', 'Perjalanan Dinas', 'Ongkos Perjalanan Dinas Bulan Agustus 2003 Kantor Bakorwil Bojonegoro', 2003, 50, 'Sekretariat ', ''),
(160, 9, '011', 'Urusan Instansi', 'Perbaikan Dan Plitur mebel air', 2003, 1, 'Sekretariat ', ''),
(161, 9, '020', 'Peralatan', 'Pembelian Ban Luar', 2003, 1, 'Sekretariat ', ''),
(162, 9, '020', 'Peralatan', 'Pembelian Oli', 2003, 1, 'Sekretariat ', ''),
(163, 9, '011', 'Urusan Instansi', 'Reparasi / Perbaikan Kendaraan Toyota Corolla S-1', 2003, 1, 'Sekretariat ', ''),
(164, 9, '011', 'Urusan Instansi', 'Reparasi / Perbaikan Kendaraan Toyota Corolla S 9600 A', 2003, 1, 'Sekretariat ', ''),
(165, 9, '011', 'Urusan Instansi', 'Permintaan Pemeliharaan / Perbaikan', 2003, 2, 'Sekretariat ', ''),
(166, 9, '020', 'Peralatan', 'Pembelian Atribut / kelengkapan Pakaian Pegawai', 2003, 1, 'Sekretariat ', ''),
(167, 9, '020', 'Peralatan', 'SPK Pengadaan Barang Dinas Bakorwil Bojonegoro', 2003, 1, 'Sekretariat ', ''),
(168, 9, '020', 'Peralatan', 'Pembelian Kain Pakaian Dinas', 2003, 1, 'Sekretariat ', ''),
(169, 9, '020', 'Peralatan', 'Pembelian Tustel/Kodak', 2003, 1, 'Sekretariat ', ''),
(170, 9, '020', 'Peralatan', 'Pembelian ', 2003, 1, 'Sekretariat ', ''),
(171, 9, '893.3', 'Penataran', 'Biaya Transportasi pegawai', 2003, 1, 'Sekretariat ', ''),
(172, 9, '020', 'Peralatan', 'Pembelian Peralatan / Lampu Listrik', 2003, 1, 'Sekretariat ', ''),
(173, 9, '800', 'Kepegwaian', 'Surat tugas', 2003, 1, 'Sekretariat ', ''),
(174, 9, '903', 'APBD', 'SPJ Anggaran rutin Kantor BAKORWIL II Bulan September 2003', 2003, 1, 'Sekretariat ', ''),
(175, 9, '934', 'APBD', 'SPJ Rutin yang Dtelah diperiksa bulan Mei 2003', 2003, 1, 'Sekretariat ', ''),
(176, 9, '800', 'Kepegwaian', 'Surat tugas', 2003, 1, 'Sekretariat ', ''),
(177, 9, '020', 'Peralatan', 'penunjukan Pengadaan Kursi staf Di lingkungan bakorwil Bojonegoro Ta.2003', 2003, 1, 'Sekretariat ', ''),
(178, 9, '893.3', 'Penataran', 'Bukti Pembayaran Biaya Mengikuti Kegiatan tgl.27-28 Juli 2003', 2003, 1, 'Sekretariat ', ''),
(179, 9, '903', 'APBD', 'SPJ Anggaran rutin Kantor BAKORWIL II Bulan Agustus 2003', 2003, 1, 'Sekretariat ', ''),
(180, 9, '020', 'Peralatan', 'Penggandaan Mebel Air Inventaris Bakorwil II Bojonegoro', 2003, 1, 'Sekretariat ', ''),
(181, 10, '900', 'Keuangan ', 'SPJ Bag. Bulan Desember 2004 Kantor Bakorwil Bojonegoro', 2004, 4, 'Sekretariat ', ''),
(182, 10, '900', 'Keuangan ', 'Surat Tanda Setor 2004 Bakorwil II Bojonegoro', 2004, 1, 'Sekretariat ', ''),
(183, 11, '511', 'Pemasaran', 'Laporan Perkembangan Harga Bahan Kebutuhan pokok Di Kab.Tuban keadaan minggu 3 dan 4 Bulan oktober 2000', 2000, 3, 'Sekretariat ', ''),
(184, 11, '720', 'Bidang Politik', 'Laporan Bekas G.30 S/PKI Bulan Oktober 2000 ', 2000, 1, 'Sekretariat ', ''),
(185, 11, '210', 'Kepartaian', 'Laporan Muscab 4 PPP Kab. Tuban', 2000, 1, 'Sekretariat ', ''),
(186, 11, '072', 'Penelitian', 'Surat Keterangan untuk Melakukan Survei', 2000, 2, 'Sekretariat ', ''),
(187, 11, '800', 'Kepegawaian', 'Lap. Umum Mutasi Pegawaian Pada Lingkungan atau Unit kerja Untuk SOSPOL Kab. Tuban Keadaan Bulan Agustus 2000', 2000, 2, 'Sekretariat ', ''),
(188, 11, '130.04', 'Laporan Daerah Tk.2', 'Lap. Kegiatan Aparat untuk SOSPOL Kab. Tuban Keadaan Bulan Agustus 2000', 2000, 2, 'Sekretariat ', ''),
(189, 11, '312', 'Pertahanan', 'Sarasehan Hasil Loknas Peningkatan Fungsi dan kinerja posyandu', 2000, 1, 'Sekretariat ', ''),
(190, 11, '195', 'PBB', 'Informasi Pedoman Umum', 2001, 1, 'Sekretariat ', ''),
(191, 11, '305', 'Keamanan dan Ketertiban Umum', 'Surat tugas koordinasi bakorwil 1-4', 2001, 1, 'Sekretariat ', ''),
(192, 11, '050', 'Perencanaan ', 'Laporan Bulanan Pelaksanaan progam pembinaan sospol', 2000, 3, 'Sekretariat ', ''),
(193, 11, '474', 'Pendaftaran Penduduk', 'Lap. Daftar Nama nama Asing yang telah menjadi warga negara indonesia', 2000, 1, 'Sekretariat ', ''),
(194, 11, '893.3', 'Penataran', 'Surat perintah', 1997, 1, 'Sekretariat ', ''),
(195, 11, '362', 'Bencana', 'Pemilihan Kader PKK Desa/ Kelurahan Masa Bakti 15-25 Thn', 2000, 1, 'Sekretariat ', ''),
(196, 11, '343', 'Pertahanan Sipil', 'Hasil rapat kerja Nasional Luar Biasa PKK Di Bandung', 2000, 1, 'Sekretariat ', ''),
(197, 11, '222', 'Organisasi Kemasyarakatan', 'Laporan tahunan', 2002, 3, 'Sekretariat ', ''),
(198, 11, '144', 'Pemerintah Desa', 'Hasil pemilihan / Seleksi Kader PKK Desa/ kelurahan Terbaik tim Penggerak PKK Kab. Tuban', 2000, 1, 'Sekretariat ', ''),
(199, 11, '134', 'Badan Daerah', 'Lap. Kegiatan tahunan tim Penggerak PKK Kab.', 2002, 1, 'Sekretariat ', ''),
(200, 11, '421.8', 'Pendidikan ', 'Gerakan Pemberantasan Buta Aksara', 2003, 1, 'Sekretariat ', ''),
(201, 11, '180', 'Hukum', 'Lap. Khusus kegiatan tim penggerak PKK Kab. .Jombang Smt. 1', 2002, 5, 'Sekretariat ', ''),
(202, 11, '292', 'Hukum', 'Lap. Kegiatan Tahunan PKK Kab.Jombang', 2002, 1, 'Sekretariat ', ''),
(203, 11, '132', 'Pemerintah Daerah Tk.II', 'Lap.Kegiatan Penanganan Kasus Gizi Buruk dan Ibu Hamil', 2002, 10, 'Sekretariat ', ''),
(204, 11, '267', 'Organisasi Wanita', 'Masalah narkoba (NAPZA)', 2000, 1, 'Sekretariat ', ''),
(205, 12, '045', 'Surat Pengantar tata kerja', 'Pedoman Organisasi dan tata kerja bank perkreditan rakyat milik pemda', 1992, 1, 'Sekretariat ', ''),
(206, 12, '580', 'Perbankan/Moneter', 'Inventarisasi Badan Perkreditan Rakyat', 1992, 2, 'Sekretariat ', ''),
(207, 12, '580', 'Perbankan/Moneter', 'Inventarisasi Badan Perkreditan Rakyat', 1991, 2, 'Sekretariat ', ''),
(208, 12, '580', 'Perbankan/Moneter', 'Rakernas BPR', 1993, 1, 'Sekretariat ', ''),
(209, 12, '518', 'Koperasi', 'Peningkatan kesiapan propinsi koperasi', 1993, 1, 'Sekretariat ', ''),
(210, 12, '580', 'Perbankan/Moneter', 'Pengiriman Data Bank yang ada di Kab.Dati II Bojonegoro', 1991, 1, 'Sekretariat ', ''),
(211, 12, '518', 'Koperasi', 'Penarikan Iuran TVRI di Jatim', 1992, 1, 'Sekretariat ', ''),
(212, 12, '518', 'Koperasi', 'Hasil rapat pelaksanaan pengaktifan pertumbuhan BKD', 1992, 3, 'Sekretariat ', ''),
(213, 12, '144', 'Pemerintah Desa', 'Data Inventarisasi Program sektoral dalam rangka pengentasan keluarga miskin dari kantor departemen perdagangan kab.Bojonegoro', 1994, 1, 'Sekretariat ', ''),
(214, 12, '580', 'Perbankan/Moneter', 'Data Perbankan', 1991, 2, 'Sekretariat ', ''),
(215, 12, '188', 'Peraturan Daerah Tk.I', 'Perubahan pertama Peraturan Daerah Provinsi Daerah Tk.I Jatim No.25 Th.1994 Ttg Perusahaan Daerah aneka kimia Prov.Daerah Tk.I Jatim', 1988, 2, 'Sekretariat ', ''),
(216, 12, '539', 'Perusahaan Daerah', 'Lap. Hasil mengikuti lanjutan rapat Pembahasan Draft PD BPR KURK Jatim', 1994, 1, 'Sekretariat ', ''),
(217, 12, '188', 'PerUU', 'Penunjukan ketua dan Anggota badan Pengawas BPD Jatim', 1994, 1, 'Sekretariat ', ''),
(218, 12, '188', 'perUU', 'Perubahan pertama Peraturan Daerah Provinsi Daerah Tk.I Jatim No.25 Th.1994 Ttg Perusahaan Daerah Sarana Bangunan Prov.Daerah Tk.I Jatim', 1988, 1, 'Sekretariat ', ''),
(219, 12, '915', 'Anggaran/DIP', 'Rencana Penggunaan Dana Bantuan Pembinaan Perkoprasian Smt.II Ta.1993/1994', 1994, 2, 'Sekretariat ', ''),
(220, 12, '518', 'Koperasi', 'Bantuan dana Pembinaan Perkoperasian th. 1993/1994', 1993, 1, 'Sekretariat ', ''),
(221, 12, '518', 'Koperasi', 'Lap. Hasil Rakor Koperasi', 1994, 1, 'Sekretariat ', ''),
(222, 12, '518', 'Koperasi', 'Penunjukan Koperasi Percontohan', 1994, 1, 'Sekretariat ', ''),
(223, 12, '188', 'per-UU', 'Permintaan Pengesahan perda kab.Dati.II Lamongan No.13 Th.1991 ttg Pasar-pasar yang dikuasai pemerintah kab. Daerah tk.II Lamongan', 1991, 1, 'Sekretariat ', ''),
(224, 12, '573', 'permodelan', 'Permintaan Pengesahan perda kab.Dati.II Lamongan No.5 Th.1991 ttg penyertaan modal daerah kab. Daerah tk.II Lamongan', 1991, 1, 'Sekretariat ', ''),
(225, 12, '060', 'organisasi atau ketatalaksanaan ', 'Permintaan Pengesahan perda kab.Dati.II Lamongan No.4 Th.1991 ttg susunan organisasi dan tat kerja dipasar daerah kab. Daerah tk.II Lamongan', 1991, 1, 'Sekretariat ', ''),
(226, 12, '539', 'Perusahaan Daerah', 'pembentukan tim daerah dan data perkembangan badan usaha milik daerah', 1991, 1, 'Sekretariat ', ''),
(227, 12, '151', 'pelanggaran', 'pembentukan tim perubahan bentuk perusahaan daerah kab. Daerah tingkat II lamongan', 1990, 1, 'Sekretariat ', ''),
(228, 12, '539', 'Perusahaan Daerah', 'persetujuan perinsip pengangkatan badan pengawasan perusahaan daerah Bank pasar kabupaten daerah tingkat II lamongan  ', 1990, 1, 'Sekretariat ', ''),
(229, 12, '700', 'pengawasan', 'hasil pemeriksaan pada PD Bank pasar kab. Lamongan', 1990, 1, 'Sekretariat ', ''),
(230, 12, '580', 'Perbankan/Moneter', 'susunan organisasi dan kerja unit pelayanan perusaan daerah Bank pasar di kecamatan dalam wilayah daerah kabupaten daerah tingkat II lamongan  ', 1989, 1, 'Sekretariat ', ''),
(231, 12, '197', 'Hubungan luar negeri', 'SK Bupati lamongan no 197 tahun 1990', 1990, 1, 'Sekretariat ', ''),
(232, 12, '188.45', 'Bupati/ walikota', 'salinan SK bupati KDH Tk II lamongan No 13 Tahun 1990 tentang pelaksaan pembinaan produk hukum dan pengelohan penerbitan buletin hukum pemerintah kabupaten Dati lamongan ', 1990, 1, 'Sekretariat ', ''),
(233, 12, '518', 'koperasi', 'lap. Hasil monitoring pelaksaan penilaian lomba koperasi/KUD', 1993, 1, 'Sekretariat ', ''),
(234, 12, '539', 'Perusahaan Daerah', 'pengangkatan ketua dan anggota badan pengawas perusahan daerah', 1990, 1, 'Sekretariat ', ''),
(235, 12, '539', 'Perusahaan Daerah', 'pembaharuan usulan pengangkatan anggota direksi BPD jatim periode 1993-1997', 1994, 1, 'Sekretariat ', ''),
(236, 12, '539', 'Perusahaan Daerah', 'sgr. Mengajukan permohonan persetujuan prinsip pengangkatan anggota direksi dan badan pengawas perusahaan daerah ', 1994, 1, 'Sekretariat ', ''),
(237, 12, '893.3', 'kursus-kursus/penataran', 'diklat badan pengawas perusahaan daerah se indonesia', 1994, 1, 'Sekretariat ', ''),
(238, 12, '539', 'Perusahaan Daerah', 'laporan hasil rapat koordinasi tgl 5 oktober 1994 di surabaya', 1994, 1, 'Sekretariat ', ''),
(239, 12, '518', 'koperasi', 'lomba tangkas terampil koperasi sekolah tingkat MTA/MA sewilker pembantu gubernur wil. II bojonegoro', 1995, 1, 'Sekretariat ', ''),
(240, 12, '518', 'Koperasi', 'lomba pelaksanaan lomba pangkas terampil koperasi sekolah TK.SMTA/MA', 1995, 1, 'Sekretariat ', ''),
(241, 12, '539', 'Perusahaan Daerah', 'pengiriman SK bupati KDH TK II Tuban No.1 Th. 1991', 1991, 1, 'Sekretariat ', ''),
(242, 12, '539', 'Perusahaan Daerah', 'masa jabatan anggota direksi dan badan pengawasan perusahaan daerah', 1994, 1, 'Sekretariat ', ''),
(243, 12, '539', 'Perusahaan Daerah', 'pembentukan tih m daerah dan data perkembangan badan usaha milik daerah', 1991, 1, 'Sekretariat ', ''),
(244, 12, '502', 'perekonomian', 'hasil pemeriksaan bidang perusahaan daerah pada badang kredit pasar kota bojonegoro', 1990, 1, 'Sekretariat ', ''),
(245, 12, '208', 'politik', 'susunan organisasi dan tata kerja perusahaan daerah badan kredit pasar kabupaten dati II bojonegoro', 1990, 1, 'Sekretariat ', ''),
(246, 12, '428', 'kepramukaan ', 'sk ttg tim evaluasi persiapan perubahan bentuk badan usaha milik daerah kedalam dua bentuk perusahaan umum daerah atau perusahan perseroan daerah di kab.BJN ', 1990, 1, 'Sekretariat ', ''),
(247, 12, '893.3', 'kursus-kursus/penataran', 'kursus anggota badan pengawas perusda seINDONESIA', 1994, 1, 'Sekretariat ', ''),
(248, 12, '690', 'air minum', 'pengisian data perusahaan daerah non PDAM', 1994, 1, 'Sekretariat ', ''),
(249, 12, '539', 'Perusahaan Daerah', 'salinan keputusan bupati kepala daerah TK II BJN no. 38 th 1994 tentang pendiri perusahaan daerah pengkreditan rakyat ', 1994, 1, 'Sekretariat ', ''),
(250, 12, '907', 'keuangan', 'pelaksaan peraturan menteri dalam negri no.4 th 1993 ttg perusahaan daerah bank pengkreditan rakyat  ', 1994, 1, 'Sekretariat ', ''),
(251, 12, '581', 'kredit ', 'penyampaian surat mentri dalam negri no,.581/1088/PUOD dan inmendagri no.8 tahun 1994', 1994, 1, 'Sekretariat ', ''),
(252, 12, '581', 'kredit ', 'peraturan mendagri no.4 th 1993 tentang perusahaan daerah bank perkreditan rakyat', 1993, 1, 'Sekretariat ', ''),
(253, 12, '370', 'klarifikasi', 'jambore koperasi', 1994, 1, 'Sekretariat ', ''),
(254, 12, '530', 'perindustrian', 'calon penerimaan penghargaan  upakarti th 1993', 1993, 2, 'Sekretariat ', ''),
(255, 12, '318', 'pertahanan', 'peringatan hatri koperasi ke 47 ', 1994, 1, 'Sekretariat ', ''),
(256, 12, '518', 'Koperasi', 'daftar peserta upacara pertasi kencana ke 45 tn 1992', 1992, 1, 'Sekretariat ', ''),
(257, 12, '518', 'Koperasi', 'peringatan hari koperasi di JATIM ', 1994, 5, 'Sekretariat ', ''),
(258, 12, '927', 'otorisasi', 'undangan monitoring koperasi', 1994, 3, 'Sekretariat ', ''),
(259, 12, '522.4', 'pengijauan', ' konservasi sumberdaya alam', 1993, 1, 'Sekretariat ', ''),
(260, 12, '145', 'administrasi desa ', 'lomba tingkat terampil TK PEMB. GUB WIKER I s/d VII ', 1996, 1, 'Sekretariat ', ''),
(261, 12, '510', 'perdagangan', 'lomba tangkas terampil koperasi sekolah Ttk SMTA/MA sewil kerja pembantu Gub.wil II BJN ', 1997, 1, 'Sekretariat ', ''),
(262, 12, '518', 'Koperasi', 'klomba tangkas terampil tingkat SLTA/MA', 1997, 1, 'Sekretariat ', ''),
(263, 12, '871', 'Formasi ', 'fotoCopy keputusan presiden no.21 th 1991', 1997, 1, 'Sekretariat ', ''),
(264, 12, '500', 'perekonomian', 'paket deregulasi 23 okt 1993', 1993, 1, 'Sekretariat ', ''),
(265, 12, '530', 'perindustrian', 'susunan pengurus dekranasda tingkat II Bojonegoro', 1992, 1, 'Sekretariat ', ''),
(266, 12, '510', 'perdagangan', 'mohon persetujuan untuk ceking persiapan bulan promosi jatim', 1997, 4, 'Sekretariat ', ''),
(267, 12, '904', 'perjalanan pegawai termasuk pemanggilan pegawai', 'penyelenggaraan kegiatan bulan promosi jatim 1997', 1996, 1, 'Sekretariat ', ''),
(268, 12, '510', 'perdagangan', 'pemberitahuan pengunduran waktu pembukaan bulan promosi jatim', 1997, 1, 'Sekretariat ', ''),
(269, 12, '510.13', 'pameran', 'partisipasi dati II pada pameran bulan promosi jatim', 1996, 1, 'Sekretariat ', ''),
(270, 13, '970', 'Pendapatan ', 'Laporan Realisasi Pendapatan Asli Daerah PAD ', 2010, 1, 'Bid. Ekonomi', ''),
(271, 13, '510', 'Perdagangan ', 'Laporan Kemetrologian ', 2010, 1, 'Bid. Ekonomi', ''),
(272, 13, '510', 'Perdagangan ', 'Laporan Bulanan UPT kemetrologian ', 2010, 1, 'Bid. Ekonomi', ''),
(273, 13, '510', 'Perdagangan ', 'Laporan Bulanan Kemetrologian ', 2010, 1, 'Bid. Ekonomi', ''),
(274, 13, '510', 'Perdagangan ', 'Laporan Bulanan Kemetrologian ', 2010, 1, 'Bid. Ekonomi', ''),
(275, 13, '970', 'Pendapatan ', 'Laporan Realisasi Pendapatan Asli Daerah PAD ', 2010, 1, 'Bid. Ekonomi', ''),
(276, 13, '510', 'Perdagangan ', 'Laporan Bulanan Kemetrologian ', 2010, 1, 'Bid. Ekonomi', ''),
(277, 13, '970', 'Pendapatan ', 'Laporan Realisasi Pendapatan Asli Daerah PAD ', 2010, 1, 'Bid. Ekonomi', ''),
(278, 13, '510', 'Perdagangan ', 'Laporan hasil Sidang Tera Ulang Tahun ', 2010, 1, 'Bid. Ekonomi', ''),
(279, 13, '510', 'Perdagangan ', 'Laporan Kemetrologian (LBK) ', 2010, 1, 'Bid. Ekonomi', ''),
(280, 13, '510', 'Perdagangan ', 'Laporan Bulanan Kemetrologian ', 2010, 1, 'Bid. Ekonomi', ''),
(281, 13, '510', 'Perdagangan ', 'Laporan Bulanan Kemetrologian ', 2010, 1, 'Bid. Ekonomi', ''),
(282, 13, '510', 'Perdagangan ', 'Laporan Bulanan Kemetrologian 2009', 2010, 1, 'Bid. Ekonomi', ''),
(283, 13, '510', 'Perdagangan ', 'laporan Kemetrologian ', 2010, NULL, 'Bid. Ekonomi', ''),
(284, 13, '801', 'Perencananan ', 'Laporan Bulanan Kemetrologian ', 2009, 1, 'Bid. Ekonomi', ''),
(285, 13, '510', 'Perdagangan ', 'Laporan Bulanan Kemetrologian ', 2009, 1, 'Bid. Ekonomi', ''),
(286, 13, '970', 'Pendapatan ', 'Laporan Realisasi Pendapatan Asli Daerah PAD ', 2009, 1, 'Bid. Ekonomi', ''),
(287, 13, '519', 'Perdagangan ', 'laporan Bulanan kemetrologian ', 2009, 1, 'Bid. Ekonomi', ''),
(288, 13, '510', 'Perdagangan ', 'Laporan Bulanan Kemetrologian ', 2009, 1, 'Bid. Ekonomi', ''),
(289, 13, '519', 'Perdagangan ', 'Laporan Informasi Harga ', 2009, 1, 'Bid. Ekonomi', ''),
(290, 13, '519', 'Perdagangan ', 'Laporan Bulanan Kemetrologian ', 2009, 1, 'Bid. Ekonomi', ''),
(291, 13, '510', 'Perdagangan ', 'Laporan hasil Sidang Tera Ulang Tahun ', 2009, 1, 'Bid. Ekonomi', ''),
(292, 13, '970', 'Perdagangan ', 'laporan perkembangan Penerimaan PAD ', 2009, 1, 'Bid. Ekonomi', ''),
(293, 13, '510', 'Perdagangan ', 'Laporan Bulanan kemetrologian bln Feb.', 2009, 1, 'Bid. Ekonomi', ''),
(294, 13, '519', 'Perdagangan ', 'Laporan Kemetrologian ', 2009, 1, 'Bid. Ekonomi', ''),
(295, 13, '510', 'Perdagangan ', 'laporan bulanan Kemetrologian bln Nov. 2008', 2009, 1, 'Bid. Ekonomi', ''),
(296, 13, '519', 'Perdagangan ', 'Laporan Tahunan Kemetrologian ', 2009, 1, 'Bid. Ekonomi', ''),
(297, 13, '801', 'Perencananan ', 'Laporan Bulanan Kemetrologian bln. Des 2008', 2009, 1, 'Bid. Ekonomi', ''),
(298, 13, '970', 'Pendapatan ', 'Laporan Realisasi Pendapatan Asli Daerah PAD bln. Des 2008', 2009, 1, 'Bid. Ekonomi', ''),
(299, 13, '519', 'Perdagangan ', 'Laporan Bulanan Kemetrologian bln. Des 2008', 2009, 1, 'Bid. Ekonomi', ''),
(300, 13, '801', 'Perencananan ', 'Laporan Bulanan Kemetrologian bln. Maret 2009', 2009, 4, 'Bid. Ekonomi', ''),
(301, 13, '510', 'Perdagangan ', 'Laporan Bulanan Kemetrologian bln. Des 2008', 2009, 1, 'Bid. Ekonomi', ''),
(302, 13, '970', 'Pendapatan ', 'Laporan Realisasi PAD ', 2009, 1, 'Bid. Ekonomi', ''),
(303, 13, '801', 'Perencananan ', 'Laporan Bulanan Kemetrologian bln. Nov 2008', 2009, 1, 'Bid. Ekonomi', ''),
(304, 13, '510.3', 'Perdagangan ', 'Laporan Bulanan Kemetrologian unit Pelaksana teknis Kemetrologian di bjn', 2009, 1, 'Bid. Ekonomi', ''),
(305, 14, '510', 'Perdagangan ', 'Laporan Bulanan Kemetrologian bln Juni 2010', 2010, 1, 'Bid. Ekonomi', ''),
(306, 14, '510.42', 'Perdagangan ', 'Laporan Hasil Sidang Tera Ulang Tahun 2010', 2010, 1, 'Bid. Ekonomi', ''),
(307, 14, '510', 'Perdagangan ', 'Laporan Bulanan Kemetrologian bln Juli 2010', 2010, 1, 'Bid. Ekonomi', ''),
(308, 14, '970', 'Pendapatan ', 'Laporan Realisasi PAD bln Agustus 2010', 2010, 2, 'Bid. Ekonomi', ''),
(309, 14, '510', 'Perdagangan ', 'Laporan Bulanan Kemetrologian bulan agustus 2010', 2010, 2, 'Bid. Ekonomi', ''),
(310, 14, '510', 'Perdagangan ', 'Laporan Bulanan Kemetrologian bulan september 2010', 2010, 1, 'Bid. Ekonomi', ''),
(311, 14, '970', 'Pendapatan ', 'Laporan Bulanan Kemetrologian september 2010', 2010, 1, 'Bid. Ekonomi', ''),
(312, 14, '510', 'Perdagangan ', 'Laporan Bulanan Kemetrologian Oktober 2010', 2010, 1, 'Bid. Ekonomi', ''),
(313, 14, '510', 'Perdagangan ', 'Laporan Bulanan Kemetrologian oktober 2010', 2010, 1, 'Bid. Ekonomi', ''),
(314, 14, '510', 'Perdagangan ', 'Laporan Bulanan Kemetrologian nopember 2010', 2010, 1, 'Bid. Ekonomi', ''),
(315, 14, '970', 'Pendapatan ', 'Laporan realisasi PAD Bln desember 2010', 2010, 1, 'Bid. Ekonomi', ''),
(316, 14, '510', 'Perdagangan ', 'Laporan Bulanan Kemetrologian ', 2011, 1, 'Bid. Ekonomi', ''),
(317, 14, '970', 'Pendapatan ', 'Laporan realisasi PAD Bln januari 2011', 2011, 1, 'Bid. Ekonomi', ''),
(318, 14, '510', 'Perdagangan ', 'Laporan Bulanan Kemetrologian januari 2011', 2011, 1, 'Bid. Ekonomi', ''),
(319, 14, '510', 'Perdagangan ', 'Laporan Bulanan Kemetrologian bulan februari 2011', 2011, 2, 'Bid. Ekonomi', ''),
(320, 14, '970', 'pendapatan ', 'Laporan Bulanan Kemetrologian april 2011', 2011, 1, 'Bid. Ekonomi', ''),
(321, 14, '510', 'Perdagangan ', 'Laporan Bulanan Kemetrologian bulan mei 2011', 2011, 1, 'Bid. Ekonomi', ''),
(322, 14, '510', 'Perdagangan ', 'Laporan Bulanan Kemetrologian juni 2011', 2011, 1, 'Bid. Ekonomi', ''),
(323, 14, '510', 'Perdagangan ', 'Laporan Bulanan Kemetrologian ', 2011, 1, 'Bid. Ekonomi', ''),
(324, 14, '510', 'Perdagangan ', 'Laporan Bulanan Kemetrologian ', 2011, 1, 'Bid. Ekonomi', ''),
(325, 14, '970', 'Pendapatan ', 'Laporan realisasi PAD ', 2011, 1, 'Bid. Ekonomi', ''),
(326, 14, '510', 'Perdagangan', 'Laporan Bulanan Kemetrologian april 2011 ', 2011, 1, 'Bid. Ekonomi', ''),
(327, 14, '970', 'Pendapatan ', 'Laporan realisasi PAD bulan Maret 2011', 2011, 1, 'Bid. Ekonomi', ''),
(328, 14, '510', 'perdagangan', 'Laporan Bulanan Kemetrologian maret 2011', 2011, 1, 'Bid. Ekonomi', ''),
(329, 14, '510', 'perdagangan', 'Laporan hasil sidang TERA ulangtahun 2011', 2011, 1, 'Bid. Ekonomi', ''),
(330, 14, '510', 'perdagangan', 'Laporan Bulanan Kemetrologian bulan agustus 2011', 2011, 1, 'Bid. Ekonomi', ''),
(331, 14, '510', 'perdagangan', 'Laporan Bulanan Kemetrologian ', 2011, 1, 'Bid. Ekonomi', ''),
(332, 14, '970', 'Pendapatan ', 'Laporan realisasi PAD bulan Agustus 2011', 2011, 1, 'Bid. Ekonomi', ''),
(333, 15, '973', 'pajak/pendapatan ', 'laporan mingguan PBB dan BPHTB kab.Jombang minggu ke IV bulan Januari 2012', 2013, 2, 'Bid. Ekonomi', ''),
(334, 15, '973', 'pajak/pendapatan ', 'laporan realisasi penerimaan PBB th. 2013', 2013, 7, 'Bid. Ekonomi', ''),
(335, 15, '970', 'Pendapatan ', 'Lap. Target dan realisasi penerimaan pendapatan daerah dan PBB bulan desember 2012', 2013, 1, 'Bid. Ekonomi', ''),
(336, 15, '973', 'pajak/pendapatan ', 'lap.realisasi penerimaan PBB tahun anggaran 2013 kab.Lamongan', 2013, 2, 'Bid. Ekonomi', ''),
(337, 15, '973', 'pajak/pendapatan ', 'Lap. Realisasi PBB per sektor bagian Kab. Dan perkembangan tunggakan PBB 2000-2010 Kab. Bojonegoro', 2012, 12, 'Bid. Ekonomi', ''),
(338, 15, '973', 'pajak/pendapatan ', 'Lap. Realisasi penerimaan PBB th. Anggaran 2011 kab. Lamongan .', 2012, 10, 'Bid. Ekonomi', ''),
(339, 15, '970', 'Pendapatan ', 'Lap. Target dan realisasi penerimaan pendapatan daerah dan PBB bulan desember 2011 Pemkot Kediri ', 2011, 10, 'Bid. Ekonomi', ''),
(340, 15, '973', 'pajak/pendapatan ', 'Lap. Realisasi penerimaan PBB dan PAD bulan November 2011 Kab. Kediri', 2011, 4, 'Bid. Ekonomi', ''),
(341, 15, '973', 'pajak/pendapatan ', 'perubahan laporan daftar rekapitulasi penerimaan PBB bulan Febuari 2011', 2011, 1, 'Bid. Ekonomi', ''),
(342, 15, '973', 'pajak/pendapatan ', 'data realisasi penerimaan bagi hasil PBB bulan November th.2011', 2011, 8, 'Bid. Ekonomi', ''),
(343, 15, '970', 'Pendapatan ', 'Lap. Target dan realisasi penerimaan pendapatan daerah dan PBB bulan desember 2011 ', 2012, 9, 'Bid. Ekonomi', ''),
(344, 15, '986', 'Pendapatan ', 'rekapitulasi penerimaan PBB kab.BJN sd biulan Sepetember 2011 ', 2011, 3, 'Bid. Ekonomi', ''),
(345, 15, '345', 'pertahanan sipil ', 'penyampaian rekapitulasi data penerimaan PBB sd september 2011', 2011, 6, 'Bid. Ekonomi', ''),
(346, 15, '376', 'klarifikasi ', 'data realisasi penerimaan PBB kab. Kediri bulan okt 2011', 2011, 1, 'Bid. Ekonomi', ''),
(347, 15, '403', 'kesejahteraan rakyat ', 'laporan bulanan penerimaan PBB bulan nov 2011 kantor pelayanaan pajak ', 2011, 1, 'Bid. Ekonomi', ''),
(348, 15, '405', 'kesejahteraan rakyat ', 'data rekapitulasi penerimaan PBB kota kediri pd bulan november 2011 ', 2011, 1, 'Bid. Ekonomi', ''),
(349, 15, '306', 'keaman dan ketertiban ', 'laporan bulanan penerimaan tunggakan PBB bulan november 2011', 2011, 1, 'Bid. Ekonomi', ''),
(350, 15, '305', 'keaman dan ketertiban ', 'lap. Mingguan penerimaan PBB', 2011, 1, 'Bid. Ekonomi', ''),
(351, 15, '150', 'legislatif/MPR/DPR', 'LAP. Rekapitulasi penerimaan PBB sd bulan nov th. 2011', 2011, 1, 'Bid. Ekonomi', ''),
(352, 15, '110', 'pemerintah pusat ', 'rekapitulasi penerimaan PBB kab.BJN sd biulan Nov 2011 ', 2011, 1, 'Bid. Ekonomi', ''),
(353, 15, '07', 'klarifikasi ', 'Lap. Bulanan penerimaan PBB bulan Des 2011 kantor pelayanan pajak Pratama Kediri', 2012, 1, 'Bid. Ekonomi', ''),
(354, 15, '13', 'urusan intansi ', 'data rekapitulasi penerimaan PBB kota kediri pd bulan Des 2011 KPP Pratama Kediri ', 2012, 1, 'Bid. Ekonomi', ''),
(355, 15, '13', 'urusan intansi ', 'rekapitulasi penerimaan PBB kab.Bjn untuk bulan des 2011', 2012, 1, 'Bid. Ekonomi', ''),
(356, 15, '130', 'Pemda tingkat II ', 'lap. Mingguan penerimaan PBB bulan des ', 2012, 1, 'Bid. Ekonomi', ''),
(357, 15, '973', 'pajak/pendapatan ', 'realisasi penerimaan PBB dan BPHTB sd bulan Des 2010 ', 2011, 2, 'Bid. Ekonomi', ''),
(358, 15, '973', 'pajak/pendapatan ', 'realisasi penerimaan PBB sd bulan Jan 2010 th anggaran 2011  ', 2011, 7, 'Bid. Ekonomi', ''),
(359, 15, '970', 'Pendapatan ', 'Lap. Realisasi penerimaan PBB dan BPHTB Kab. Kediri ', 2010, 8, 'Bid. Ekonomi', ''),
(360, 15, '973', 'pajak/pendapatan ', 'Lap. Realisasi PBB per sektor, BPHTB, bagian Kab dan perkembangan tunggakan PBB th 2000-2009', 2011, 1, 'Bid. Ekonomi', ''),
(361, 15, '973', 'pajak/pendapatan ', 'Lap. Realisasi PBB per sektor, BPHTB, bagian Kab dan perkembangan tunggakan PBB th 2000-2009', 2010, 7, 'Bid. Ekonomi', ''),
(362, 15, '970', 'Pendapatan ', 'Lap. Pend daerah bagian bulan Mar 2011 Tri bulan I th. Anggaran 2011', 2011, 1, 'Bid. Ekonomi', ''),
(363, 15, '973', 'pajak/pendapatan ', 'Lap. Realisasi penerimaan PBB dan BPHTB th. 2010 Kab. Lamongan', 2011, 12, 'Bid. Ekonomi', ''),
(364, 15, '973', 'pajak/pendapatan ', 'realisasi penerimaan PBB persektor kotya Mojokerto pd bulan OKT 2010', 2010, 1, 'Bid. Ekonomi', ''),
(365, 15, '970', 'Pendapatan ', 'laporan penerimaan PAD dan dana perimbangan serta penerimaan dari propinsi bulan maret 2011', 2011, 3, 'Bid. Ekonomi', ''),
(366, 15, '970', 'Pendapatan ', 'Lap. Realisasi penerimaan PBB dan BPHTB bulan februari th. 2010', 2010, 8, 'Bid. Ekonomi', ''),
(367, 15, '973', 'pajak/pendapatan ', 'Lap. Realisasi pendapatan daerah kab. Kediri bulan februari 2011', 2011, 1, 'Bid. Ekonomi', ''),
(368, 15, '172', 'persidangan', 'Lap. Realisasi penerimaan PBB dan BPHTB th. 2010 Kantor pelayanan pajak pratame kediri', 2010, 13, 'Bid. Ekonomi', ''),
(369, 15, '973', 'pajak/pendapatan ', 'data realisasi penerimaan bagi hasil PBB dan BPHTB tahun 2010 kab. Tuban.', 2010, 13, 'Bid. Ekonomi', ''),
(370, 15, '970', 'Pendapatan ', 'data target dan realisasi pendapatan daerah kab tuban sd 31 maret 2011', 2011, NULL, 'Bid. Ekonomi', ''),
(371, 15, '258', 'organisasi burun, tani, dan nelayan.', 'laporan gangguan keamanan hutan dan penyelesaian perkara', 2011, 2, 'Bid. Ekonomi', ''),
(372, 15, '511.1', 'perekonomian / pengadaan pangan', 'laporan perkembangan harga bahan pokok tgl. 11 april 2011', 2011, 1, 'Bid. Ekonomi', ''),
(373, 15, '049', 'dokumentasi, kearsipan', 'laporan degulir bulan maret 2011 ', 2011, 3, 'Bid. Ekonomi', ''),
(374, 15, '524', 'peternakan', 'data ternak', 2011, 1, 'Bid. Ekonomi', ''),
(375, 15, '524', 'peternakan', 'data jumlah ternak di kab. Tuban', 2011, 1, 'Bid. Ekonomi', ''),
(376, 15, '524', 'peternakan', 'data populasi ternak tahun 2010 dari dinas peternakan dan perikanan kab. Bojonegoro tahun 2011', 2011, 1, 'Bid. Ekonomi', ''),
(377, 15, '524', 'peternakan', 'data populasi ternak kab. Kediri tahun 2010', 2011, 1, 'Bid. Ekonomi', ''),
(378, 15, '524', 'peternakan', 'laporan data renak', 2011, 1, 'Bid. Ekonomi', ''),
(379, 15, '524', 'peternakan', 'permintaan data ternak', 2011, 1, 'Bid. Ekonomi', ''),
(380, 15, '524', 'peternakan', 'data jumlah ternak/ hewan di kab. Kediri', 2011, 1, 'Bid. Ekonomi', ''),
(381, 15, '524', 'peternakan', 'permintaan data ternak kota mojokerto', 2011, 1, 'Bid. Ekonomi', ''),
(382, 15, '973', 'pajak/pendapatan ', 'realisasi penerimaan PBB dab BPHTB sd bulan mei 2010', 2010, 1, 'Bid. Ekonomi', ''),
(383, 15, '973', 'pajak/pendapatan ', 'realisasi penerimaan PBB dab BPHTB sd bulan juni 2010', 2010, 1, 'Bid. Ekonomi', ''),
(384, 15, '973', 'pajak/pendapatan ', 'realisasi penerimaan PBB dab BPHTB sd bulan juli 2010', 2010, 1, 'Bid. Ekonomi', ''),
(385, 15, '973', 'pajak/pendapatan ', 'realisasi penerimaan PBB dab BPHTB sd bulan agustus 2010', 2010, 1, 'Bid. Ekonomi', ''),
(386, 15, '973', 'pajak/pendapatan ', 'realisasi penerimaan PBB dab BPHTB sd bulan september 2010', 2010, 1, 'Bid. Ekonomi', ''),
(387, 15, '973', 'pajak/pendapatan ', 'realisasi penerimaan PBB dab BPHTB sd bulan Oktober 2010', 2010, 1, 'Bid. Ekonomi', ''),
(388, 15, '973', 'pajak/pendapatan ', 'realisasi penerimaan PBB dab BPHTB sd bulan september 2010', 2010, 1, 'Bid. Ekonomi', ''),
(389, 15, '973', 'pajak/pendapatan ', 'laporan PBB serta BPHTB sewolker bakorwil bojonegoro ', 2010, 3, 'Bid. Ekonomi', ''),
(390, 16, '522', 'Kehutanan ', 'Data Kontribusu Perhutani KPH Parengan dalam Pembangunan Masyarakat desa Hutan ', 2009, 1, 'Bid. Ekonomi ', ''),
(391, 16, '522', 'Kehutanan ', 'rekapitulasi gangguan keamanan hutan s.d bulan nopember 2008', 2009, 1, 'Bid. Ekonomi ', ''),
(392, 16, '522', 'Kehutanan ', 'laporan tahunan kegiatan GN-RHL/GERHANA thn 2008 (Lanjutan thn 2007)', 2009, 3, 'Bid. Ekonomi ', ''),
(393, 16, '522', 'Kehutanan ', 'Laporan Bualanan Kegitan GERHANA DIPA 2008', 2009, 1, 'Bid. Ekonomi ', ''),
(394, 16, '522', 'Kehutanan ', 'Data Monitoring pembangunan kehutan (PHBN) serta Pemberdayaan LMDH', 2009, 1, 'Bid. Ekonomi ', ''),
(395, 16, '522', 'Kehutanan ', 'Pembangunan Kehutanan (PHBN) dan pemberdayaan LMDH KPH Jatirogo ', 2009, 1, 'Bid. Ekonomi ', ''),
(396, 16, '522', 'Kehutanan ', 'Dukungan Penerapan dan Perolehan Sertifikat Pengelolahan hutan Lestari Perum Perhutani ', 2008, 1, 'Bid. Ekonomi ', ''),
(397, 16, '661', 'Daerah Hutan ', 'laporan Hasil menghadiri Sosialisasi peratutran daerah no: 12 tahun 2007  ttg Rehabilitasi Hutan dan lahan Kritis di Prov Jatim', 2008, 1, 'Bid. Ekonomi ', ''),
(398, 16, '522', 'Kehutanan ', 'laporan simngkat hasil Monotoring pelaksaan pengelolaan hutan Bersama masyarakat (PHBM) se willer BAKORWIL II Bjn thn 2007', 2007, 1, 'Bid. Ekonomi ', ''),
(399, 16, '522', 'Kehutanan ', 'Penyampaian keptusan Gubernur jatim No: 188/288/KPTS/013/2003', 2004, 1, 'Bid. Ekonomi ', ''),
(400, 16, '912', 'pembangunan ', 'Data Kehutanan Di willker BAKORWIL PP Bjn ', 2009, 1, 'Bid. Ekonomi ', ''),
(401, 16, '300', 'Keamanan dan Ketertiban ', 'Laporan gangguan Keamanan Hutan dan penyelesaian perkara ', 2010, 1, 'Bid. Ekonomi ', ''),
(402, 16, '708', 'Pengawasan ', 'Laporan gangguan Keamanan Hutan dan penyelesaian perkara ', 2010, 1, 'Bid. Ekonomi ', ''),
(403, 16, '813', 'Kepegawaian ', 'Laporan gangguan  Keamanan Hutan dan penyelesaian perkara ', 2010, 1, 'Bid. Ekonomi ', ''),
(404, 16, '393', 'Kecelakaan ', 'Laporan gangguan Keamanan Hutan dan penyelesaian perkara ', 2010, 1, 'Bid. Ekonomi ', ''),
(405, 16, '624', 'Jalan', 'Laporan gangguan Keamanan Hutan dan penyelesaian perkara ', 2010, 1, 'Bid. Ekonomi ', ''),
(406, 16, '522', 'Kehutanan ', 'Laporan gangguan Keamanan Hutan dan penyelesaian perkara ', 2010, 1, 'Bid. Ekonomi ', ''),
(407, 16, '180', 'Hukum ', 'Rekapitulasi gangguan keamanan hutan s.d bulan Jaunuari 2010', 2010, 5, 'Bid. Ekonomi ', ''),
(408, 16, '139', 'Pemerintahan Daerah tingkat II', 'Laporan gangguan Keamanan Hutan dan penyelesaian perkara ', 2009, 1, 'Bid. Ekonomi ', ''),
(409, 16, '522', 'Kehutanan ', 'Refinisi Kebutuhan Peresmian 2009', 2009, 1, 'Bid. Ekonomi ', ''),
(410, 16, '324', 'Kekaryaan ABRI ', 'perkiraan Pembayaran PSDH 2010-2013', 2009, 1, 'Bid. Ekonomi ', ''),
(411, 16, '231', 'Ikatan Dokter Indonesia', 'Laporan gangguan Keamanan Hutan dan penyelesaian perkara ', 2010, 1, 'Bid. Ekonomi ', ''),
(412, 16, '522', 'Kehutanan ', 'Laporan gangguan Keamanan Hutan dan penyelesaian perkara ', 2009, 2, 'Bid. Ekonomi ', ''),
(413, 16, '412.32', 'Koperasi Usaha Desa', 'Pembinaan Keperasi di LMDH ', 2009, 1, 'Bid. Ekonomi ', ''),
(414, 16, '522', 'Kehutanan ', 'Pembinaan Keperasi di LMDH ', 2009, 1, 'Bid. Ekonomi ', ''),
(415, 16, '551', 'Perhubungan ', 'Penyampaian Jadwal Monitoring Gerakan Nasional Rehabilitasi Hutan da Lahan (GH-RHL) ', 2004, NULL, 'Bid. Ekonomi ', ''),
(416, 16, '521.4', 'Perlindungan Tanaman ', 'Rapat Membahasan Gerakan Rehabilitasi Hutan dan Lahan (GN-RHL) Prov. Jatim thn 2003', 0000, NULL, 'Bid. Ekonomi ', ''),
(417, 16, '364', 'Kebakaran ', 'Lokasi Bencana Alam dlm Rangka Kunjungan Kerja bpk Wakil Gub. Jatim ', 2004, 1, 'Bid. Ekonomi ', '');
INSERT INTO `berkas` (`no_berkas`, `no_box`, `kode_klasifikasi`, `indeks`, `uraian`, `tahun`, `volume`, `ket`, `file`) VALUES
(418, 16, '810', 'Pengadaan ', 'Permohonan Pembatalan penebangan Pohon disekeliling Goa Sumengga desa Manjung kec. Montong ', 2009, 1, 'Bid. Ekonomi ', ''),
(419, 16, '300', 'Keamanan dan Ketertiban ', 'Permohonan Pembatalan penebanagn Kayu Jati di tanah (LDTI)', 2009, 1, 'Bid. Ekonomi ', ''),
(420, 16, '522', 'Kehutanan ', 'Undangan', 2009, 1, 'Bid. Ekonomi ', ''),
(421, 16, '522', 'Kehutanan ', 'Laporan Penghentian penebangan kayu ', 2010, 1, 'Bid. Ekonomi ', ''),
(422, 16, '522', 'Kehutanan ', ' Pembatalan sebagian Petak tebangan Pada keputusan dinas Hutan Prov. Jatim No: 522.21/333/117/05/2009 tgl 22 desember 2006 ttg Perubahan Keputusan ', 2010, 1, 'Bid. Ekonomi ', ''),
(423, 16, '522', 'Kehutanan ', 'Penghentian Penebangan Kayu ', 2010, 1, 'Bid. Ekonomi ', ''),
(424, 16, '518', 'Koperasi   ', 'Pembetukan KMDH ', 2010, 1, 'Bid. Ekonomi ', ''),
(425, 16, '522', 'Kehutanan ', 'Penawaran Investasi Usaha Tani Jati unggul Pola bagi Hasil ', 2010, 1, 'Bid. Ekonomi ', ''),
(426, 16, '522', 'Kehutanan ', 'Permohoanan Pembatalan Kayu JATI (ldti)', 2010, 1, 'Bid. Ekonomi ', ''),
(427, 16, '524', 'Pertenakan ', 'Usulan bantuan Program atau Kegiatan untuk Masyarakat Pemberdayaan Lembaga masyarakatb Hutan (LMDH)', 2010, 1, 'Bid. Ekonomi ', ''),
(428, 16, '300', 'Keamanan dan Ketertiban ', 'Rekapitulasi ganghuan Keamanan kehutanan bln Juli 2011 ', 2011, 1, 'Bid. Ekonomi ', ''),
(429, 16, '518', 'Koperasi', 'Perkenalan PT. JAMKRIDA Jatim dan Permohonan Waktu Sosialisasi', 2011, 1, 'Bid. Ekonomi ', ''),
(430, 16, '447', 'Alat Medis', 'Laporan gangguan Keamanan Hutan dan penyelesaian perkara ', 2011, 1, 'Bid. Ekonomi ', ''),
(431, 16, '593', 'Pengurusan Hak Tanah', 'Hasil Pangan Dari Kawasan Hutan', 2011, 1, 'Bid. Ekonomi ', ''),
(432, 16, '166', 'DPRD Tingkat I', 'Data - Data LMDH', 2011, 1, 'Bid. Ekonomi ', ''),
(433, 16, '156', 'Persidangan', 'Laporan Perkembangan Kegiatan PHBN Plus 2010 dan Rencana 2011', 2011, 1, 'Bid. Ekonomi ', ''),
(434, 16, '059', 'Bidang Keuangan', 'Rekapitulasi Kegiatan PHBN KPH Mojokerto', 2011, 1, 'Bid. Ekonomi ', ''),
(435, 16, '206', 'Politik', 'Data - Data LMDH KPH Jatirogo', 2011, 1, 'Bid. Ekonomi ', ''),
(436, 16, '300', 'Keamanan dan Ketertiban ', 'Laporan gangguan Keamanan Hutan dan penyelesaian perkara ', 2012, 1, 'Bid. Ekonomi ', ''),
(437, 16, '518', 'Koperasi', 'Usulan Bantuan Koperasi Bagi Masyarakat Sekitar Hutan', 2011, 1, 'Bid. Ekonomi ', ''),
(438, 16, '524', 'Pertenakan ', 'Proposal Bantuan Modal Koperasi Bagi Masyarakat Sekitar Hutan', 2011, 1, 'Bid. Ekonomi ', ''),
(439, 16, '153', 'Kesejahteraan', 'Surat Pengantar', 2011, 1, 'Bid. Ekonomi ', ''),
(440, 16, '522', 'Kehutanan ', 'Undangan', 2011, 1, 'Bid. Ekonomi ', ''),
(441, 16, '148', 'Pemerintah Desa', 'Proposal Bantuan Modal Koperasi Bagi Masyarakat Desa Hutan', 2011, 1, 'Bid. Ekonomi ', ''),
(442, 16, '520', 'Pertanian', 'Permintaan Data Potensi Dan Hasil Pertanian Atau Produk Serta Kontribusi Hasil Tebang Pohon Tegakan', 2011, 1, 'Bid. Ekonomi ', ''),
(443, 16, '524', 'Peternakan', 'Usual Bantuan Modal Kerja Bagi Koperasi Masyarakat Desa Hutan', 2011, 2, 'Bid. Ekonomi ', ''),
(444, 16, '524', 'Peternakan', 'Proposal Bantuan Modal Kerja Bagi Koperasi Masyarakat Desa Hutan', 2011, 1, 'Bid. Ekonomi ', ''),
(445, 16, '518', 'Koperasi', 'Usulan Bantuan Modal Koperasi Bagi Masyarajat Sekitar Hutan', 2011, 1, 'Bid. Ekonomi ', ''),
(446, 16, '524', 'Peternakan', 'Permohonan Data - Data ', 2011, 1, 'Bid. Ekonomi ', ''),
(447, 16, '524', 'Peternakan', 'Usulan Program Atau Kegiatan Pemberian Bantuan Dana Pemprosesan Akte Notaris Pendirian Koperasi Bagi LMDH Tahun 2013', 2012, 2, 'Bid. Ekonomi ', ''),
(448, 16, '660', 'Tata Lingkungan', 'Rekapitulasi Gangguan Keamanan Hutan sampai Dengan September 2012', 2012, 1, 'Bid. Ekonomi ', ''),
(449, 16, '300', 'Keamanan dan Ketertiban ', 'Laporan gangguan Keamanan Hutan dan penyelesaian perkara Bulan Juli 2012 dan Juni 2012', 2012, 2, 'Bid. Ekonomi ', ''),
(450, 16, '761', 'Bidang Pekerjaan Umum', 'Rekapitulasi Gangguan Keamanan Hutan sampai Dengan Oktober 2012', 2012, 5, 'Bid. Ekonomi ', ''),
(451, 16, '481', 'Media Masa', 'Buletin Bakti Rimba Dinas Kehutanan Provinsi Jawa Timur Edisi Ke-4 Tahun 1/2012', 2013, 1, 'Bid. Ekonomi ', ''),
(452, 16, '661', 'Daerah Hutan ', 'Laporan Ritun Perlindungan SDH Dan Agraria Sampai Dengan Bulan Januari 2013', 2013, 1, 'Bid. Ekonomi ', ''),
(453, 16, '522', ' ', 'Rekapitulasi Gangguan Keamanan Hutan Sampai Dengan Bulan Desember 2012', 2013, 1, 'Bid. Ekonomi ', ''),
(454, 16, '710', 'Bidang Pemerintahan', 'Keputusan PERUM Perhutani KBM Pemasaran Kayu II Cepu', 2013, 1, 'Bid. Ekonomi ', ''),
(455, 16, '522', 'Kehutanan ', 'Rekapitulasi Gangguan Kemananan Hutan Sampai Dengan Bulan Februari 2013', 2013, 1, 'Bid. Ekonomi ', ''),
(456, 16, '300', 'Kaamanan Dan Ketertiban', 'Laporan Rutin Perlindungan SDH Dan Agraria', 2013, 1, 'Bid. Ekonomi ', ''),
(457, 16, '545', 'Pertambangan', 'Laporan Rutin Perlindungan SDH Dan Agraria', 2013, 1, 'Bid. Ekonomi ', ''),
(458, 17, '047', 'dokumentasi', 'Lap. Dana bergulir bulan april 2009 Kab. Tuban ', 2009, 4, 'Bid. Ekonomi ', ''),
(459, 17, '471', 'kependudukan ', 'Lap. Bulanan penunjang ekspor bln April 2009', 2009, 1, 'Bid. Ekonomi ', ''),
(460, 17, '518', 'koperasi', 'perkembangan pelaksaan program penyaluran dana bergulir modal kerja UKMK dr dana APBD prov jatim', 2009, 1, 'Bid. Ekonomi ', ''),
(461, 17, '510.13', 'perdagangan ', 'produk pameran', 2010, 1, 'Bid. Ekonomi ', ''),
(462, 17, '518', 'koperasi', 'Lap. Penumbuhan wirausaha baru', 2008, 1, 'Bid. Ekonomi ', ''),
(463, 17, '046', 'dokumentasi', 'Lap. Dana bergulir bulan Agustus 2009 Cab Tuban ', 2008, 1, 'Bid. Ekonomi ', ''),
(464, 17, '530', 'perindustrian', 'Lap. Blnan kredit penunjang ekspor bulan Sep 2008', 2008, 1, 'Bid. Ekonomi ', ''),
(465, 17, '900', 'keuangan ', 'Lap. Bulanan KR.penunjang ekspor bln juli 2008', 2008, 1, 'Bid. Ekonomi ', ''),
(466, 17, '911', 'Anggaran ', 'koreksi laporan UKM bln juli2008', 2008, 1, 'Bid. Ekonomi ', ''),
(467, 17, '900', 'keuangan ', 'Lap dana bergulir bln september 2008 cab. Tuban ', 2008, 1, 'Bid. Ekonomi ', ''),
(468, 17, '522', 'perhutanan', 'tindak lanjut antuan dana bergulir bagi LMDH berkoperasi ', 2009, 1, 'Bid. Ekonomi ', ''),
(469, 17, '518', 'koperasi', 'hasil koordinasi dg dinas koperasi dan UMKM prov Jatim ttg bantuan perkuatan dana bergulir bagi LMDH 2009 ', 2009, 3, 'Bid. Ekonomi ', ''),
(470, 17, '513', 'impor', 'partisipasi dan keikut sertaan kegiatan pameran gelar produk kerajinan Indonesia ', 2009, 1, 'Bid. Ekonomi ', ''),
(471, 17, '518', 'koperasi', 'kep. Bupati no. 118/324/kep/412.11/09 pembentukan Kop wanita', 2009, 1, 'Bid. Ekonomi ', ''),
(472, 17, '188', 'peraturan perundang undangan', 'pembentukan koperasi nwanita tingkat desa kelurahan ', 2010, 1, 'Bid. Ekonomi ', ''),
(473, 17, '518', 'koperasi', 'bimtek perkoperasian bagian pengurus koperasi wanita', 2010, 2, 'Bid. Ekonomi ', ''),
(474, 17, '518', 'koperasi', 'permintaan data nama-nama kopwan sak wil bakorwill bjn th 2009-2010 yg telah menerima maupun blm hiba bantuan modal kerjo', 2010, 1, 'Bid. Ekonomi ', ''),
(475, 17, '518', 'koperasi', 'data nama-nama kopwan selwilker bakorwil bjn th. 2010 yg menerima hibah bantuan modal kerja', 2010, 1, 'Bid. Ekonomi ', ''),
(476, 17, '518', 'koperasi', 'dana perkuatan modal kelompok wanita ', 2010, 1, 'Bid. Ekonomi ', ''),
(477, 17, '300', 'Keamanan dan Ketertiban ', 'penertiban dan penataan pedagan kaki lima / PKL ', 2009, 1, 'Bid. Ekonomi ', ''),
(478, 17, '047', 'dokumentasi', 'Lap. Dana bergulir bln Des 2008cab. Tuban ', 2009, 1, 'Bid. Ekonomi ', ''),
(479, 17, '518', 'koperasi', 'perkembangan pelaksaan program penyaluran dana bergulir modal kerja UKMK dr dana APBD prov jatim/ kab atau kota', 2009, 1, 'Bid. Ekonomi ', ''),
(480, 17, '580', 'perbankan ', 'surat pengantar laporan dana bergulir bln Feb 2009 cab Tuban', 2009, 1, 'Bid. Ekonomi ', ''),
(481, 17, '584', 'bank pebangunan daerah', 'Lap. Kredit menunjang ekspor th, 2004 periode thn 2009', 2009, 1, 'Bid. Ekonomi ', ''),
(482, 17, '518', 'KOPERASI', 'pembinaan KSP / USP dan LKM ', 2009, 1, 'Bid. Ekonomi ', ''),
(483, 17, '522', 'perhutanan', 'pembinaan koperasi LMDH ', 2009, 1, 'Bid. Ekonomi ', ''),
(484, 17, '524', 'Peternakan', 'pembinaan koperasi LMDH ', 2010, 1, 'Bid. Ekonomi ', ''),
(485, 17, '518', 'koperasi', 'diklat teknis perkoperasiaan', 2010, 2, 'Bid. Ekonomi ', ''),
(486, 17, '518', 'koperasi', 'pembinaan pengendalian dan pengawasan operasional KSP/USP koperasi', 2010, 1, 'Bid. Ekonomi ', ''),
(487, 18, '973', 'pajak/ipeda', 'data realisasi penerimaan PAD buan mei tahun 2013', 2013, 1, 'Bid. Ekonomi ', ''),
(488, 18, '970', 'pendapatan', 'lap. Pendapatan daerah baian bulan mei', 2013, 1, 'Bid. Ekonomi ', ''),
(489, 18, '973', 'pajak/ipeda', 'data realisasi penerimaan PAD buan april tahun 2013', 2013, 1, 'Bid. Ekonomi ', ''),
(490, 18, '970', 'pajak/ipeda', 'lap. Pendapatan daerah baian bulan april 2013 tribulan II ', 2013, 5, 'Bid. Ekonomi ', ''),
(491, 18, '970', 'pendapatan', 'lap. Realisasi PAD kota mojokerto Bagin bulanaan Maret 2013', 2013, 5, 'Bid. Ekonomi ', ''),
(492, 18, '970', 'pendapatan', 'lap. Pendapatan daerah baian bulan februari 2013 tribulan I tahun anggaran 2013', 2013, 5, 'Bid. Ekonomi ', ''),
(493, 18, '970', 'pendapatan', 'lap. Pendapatan daerah baian bulan januari 2013 tribulan I tahun anggaran 2013', 2013, 7, 'Bid. Ekonomi ', ''),
(494, 18, '973', 'pajak/ipeda', 'data realisasi PAD bulan juni', 2013, 2, 'Bid. Ekonomi ', ''),
(495, 18, '970', 'pendapatan', 'lap. Realisasi pendapatan aslindaerah (PAD) mei sd juni 2013', 2013, 6, 'Bid. Ekonomi ', ''),
(496, 18, '973', 'pajak/ipeda', 'data realisasi penerimaan PAD bulan Agustus', 2013, 2, 'Bid. Ekonomi ', ''),
(497, 18, '900', 'keuangan ', 'rekapitulasi data pendapatan daerah tribulan II', 2013, 2, 'Bid. Ekonomi ', ''),
(498, 18, '970', 'pendapatan', 'lap. Realisasi penerimaan PAD kab. Jombang Bln juli 2013', 2013, 3, 'Bid. Ekonomi ', ''),
(499, 18, '970', 'pendapatan', 'lap. Target dan realisasi penerimaan pendapatan daerah bln agustus ', 2013, 2, 'Bid. Ekonomi ', ''),
(500, 18, '970', 'pendapatan', 'lap. Peneriamaan pendapatan daerah kab. Tuban bln agustus', 2013, 4, 'Bid. Ekonomi ', ''),
(501, 86, '200', 'Pendidikan', 'hahahahah', 2016, 5, 'UNAS', 'update86-501.pdf');

-- --------------------------------------------------------

--
-- Table structure for table `box`
--

CREATE TABLE IF NOT EXISTS `box` (
  `id_box` int(11) NOT NULL,
  `nama_box` varchar(100) NOT NULL
) ENGINE=InnoDB AUTO_INCREMENT=87 DEFAULT CHARSET=latin1;

--
-- Dumping data for table `box`
--

INSERT INTO `box` (`id_box`, `nama_box`) VALUES
(1, '1'),
(2, '2'),
(3, '3'),
(4, '4'),
(5, '5'),
(6, '6'),
(7, '7'),
(8, '8'),
(9, '9'),
(10, '10'),
(11, '11'),
(12, '12'),
(13, '13'),
(14, '14'),
(15, '15'),
(16, '16'),
(17, '17'),
(18, '18'),
(19, '19'),
(20, '20'),
(21, '21'),
(22, '22'),
(23, '23'),
(24, '24'),
(25, '25'),
(26, '26'),
(27, '27'),
(28, '28'),
(29, '29'),
(30, '30'),
(31, '31'),
(32, '32'),
(33, '33'),
(34, '34'),
(35, '35'),
(36, '36'),
(37, '37'),
(38, '38'),
(39, '39'),
(40, '40'),
(41, '41'),
(42, '42'),
(43, '43'),
(44, '44'),
(45, '45'),
(46, '46'),
(47, '47'),
(48, '48'),
(49, '49'),
(50, '50'),
(51, '51'),
(52, '52'),
(53, '53'),
(54, '54'),
(55, '55'),
(56, '56'),
(57, '57'),
(58, '58'),
(59, '59'),
(60, '60'),
(61, '61'),
(62, '62'),
(63, '63'),
(64, '64'),
(65, '65'),
(66, '66'),
(67, '67'),
(68, '68'),
(69, '69'),
(70, '70'),
(71, '71'),
(72, '72'),
(73, '73'),
(74, '74'),
(75, '75'),
(76, '76'),
(77, '77'),
(78, '78'),
(79, '79'),
(80, '80'),
(81, '81'),
(82, '82'),
(83, '83'),
(84, '84'),
(85, '85'),
(86, '86');

--
-- Indexes for dumped tables
--

--
-- Indexes for table `admin`
--
ALTER TABLE `admin`
  ADD PRIMARY KEY (`id_admin`);

--
-- Indexes for table `akses`
--
ALTER TABLE `akses`
  ADD PRIMARY KEY (`id_akses`);

--
-- Indexes for table `berkas`
--
ALTER TABLE `berkas`
  ADD PRIMARY KEY (`no_berkas`);

--
-- Indexes for table `box`
--
ALTER TABLE `box`
  ADD PRIMARY KEY (`id_box`);

--
-- AUTO_INCREMENT for dumped tables
--

--
-- AUTO_INCREMENT for table `box`
--
ALTER TABLE `box`
  MODIFY `id_box` int(11) NOT NULL AUTO_INCREMENT,AUTO_INCREMENT=87;
/*!40101 SET CHARACTER_SET_CLIENT=@OLD_CHARACTER_SET_CLIENT */;
/*!40101 SET CHARACTER_SET_RESULTS=@OLD_CHARACTER_SET_RESULTS */;
/*!40101 SET COLLATION_CONNECTION=@OLD_COLLATION_CONNECTION */;
